{
  "pr_auc": 0.6331366200000001,
  "best_params": {
    "contamination": 0.05,
    "zscore_threshold": 2.8,
    "ensemble_threshold": 0.2,
    "precision": 0.6637,
    "recall": 0.5556,
    "f1": 0.6048
  },
  "optimized_f1": {
    "ensemble": 0.6048387096774194,
    "rules": 0.4083333333333333,
    "combined": 0.5310344827586206
  },
  "timestamp": "2026-04-18T17:06:27.705832",
  "grid_search_configs_tested": 96
}